<?xml version="1.0" encoding="utf-8" ?>
<dwsync>
<file name="church-logo.png" server="cpscserv.dom.edu:555//students/corncarl/" local="131611339294832159" remote="131600987400000000" Dst="1" />
<file name="church-logo2.png" server="cpscserv.dom.edu:555//students/corncarl/" local="131611339294851333" remote="131600987400000000" Dst="1" />
<file name="logo-church-header.png" server="cpscserv.dom.edu:555//students/corncarl/" local="131622640096712505" remote="131619089400000000" Dst="1" />
<file name="step-bubbles-1.png" server="cpscserv.dom.edu:555//students/corncarl/" local="131622640098515707" remote="131619202200000000" Dst="1" />
<file name="step-bubbles-3.png" server="cpscserv.dom.edu:555//students/corncarl/" local="131622640098555846" remote="131619202200000000" Dst="1" />
<file name="step-bubbles-2.png" server="cpscserv.dom.edu:555//students/corncarl/" local="131622640098616012" remote="131619202200000000" Dst="1" />
<file name="step-bubbles-4.png" server="cpscserv.dom.edu:555//students/corncarl/" local="131622640100417768" remote="131619202200000000" Dst="1" />
<file name="step-bubbles-5.png" server="cpscserv.dom.edu:555//students/corncarl/" local="131622640100427789" remote="131619202200000000" Dst="1" />
<file name="step-bubbles-6.png" server="cpscserv.dom.edu:555//students/corncarl/" local="131622640101069214" remote="131619202200000000" Dst="1" />
</dwsync>